{"properties": [
  {
    "name": "appli.config.swagger-route",
    "type": "java.lang.String",
    "description": "A description for 'appli.config.swagger-route'"
  },
  {
    "name": "appli.config.global.swagger-route",
    "type": "java.lang.String",
    "description": "A description for 'appli.config.global.swagger-route'"
  },
  {
    "name": "appli.config.global.proxy",
    "type": "java.lang.String",
    "description": "A description for 'appli.config.global.proxy'"
  },
  {
    "name": "appli.config.proxy.user",
    "type": "java.lang.String",
    "description": "A description for 'appli.config.proxy.user'"
  },
  {
    "name": "appli.config.proxy.password",
    "type": "java.lang.String",
    "description": "A description for 'appli.config.proxy.password'"
  },
  {
    "name": "appli.config.proxy.host",
    "type": "java.lang.String",
    "description": "A description for 'appli.config.proxy.host'"
  },
  {
    "name": "appli.config.proxy.port",
    "type": "java.lang.String",
    "description": "A description for 'appli.config.proxy.port'"
  },
  {
    "name": "appli.config.rebrickable.user",
    "type": "java.lang.String",
    "description": "A description for 'appli.config.rebrickable.user'"
  },
  {
    "name": "appli.config.rebrickable.password",
    "type": "java.lang.String",
    "description": "A description for 'appli.config.rebrickable.password'"
  },
  {
    "name": "appli.config.rebrickable.apiURL",
    "type": "java.lang.String",
    "description": "A description for 'appli.config.rebrickable.apiURL'"
  },
  {
    "name": "appli.config.rebrickable.apiKey",
    "type": "java.lang.String",
    "description": "A description for 'appli.config.rebrickable.apiKey'"
  },
  {
    "name": "appli.config.db.db-driver",
    "type": "java.lang.String",
    "description": "A description for 'appli.config.db.db-driver'"
  },
  {
    "name": "appli.config.db.dbUrl",
    "type": "java.lang.String",
    "description": "A description for 'appli.config.db.dbUrl'"
  },
  {
    "name": "appli.config.db.dbUsr",
    "type": "java.lang.String",
    "description": "A description for 'appli.config.db.dbUsr'"
  },
  {
    "name": "appli.config.db.dbPwd",
    "type": "java.lang.String",
    "description": "A description for 'appli.config.db.dbPwd'"
  },
  {
    "name": "appli.config.lego.img-path",
    "type": "java.lang.String",
    "description": "A description for 'appli.config.lego.img-path'"
  }
]}